sample_id,question,answer,response,token_usage,time_cost,iteration,tools_used_names,result
conv-26,When did Caroline go to the LGBTQ support group?,7 May 2023,There is no information in the provided memories about when Caroline went to an LGBTQ support group.,"{""prompt_tokens"": 6469, ""completion_tokens"": 125, ""total_tokens"": 6594}",23.29,1,[],
conv-26,How long ago was Caroline's 18th birthday?,10 years ago,"I don't have information about Caroline's birthday or age in the available memories. Could you tell me when her
18th birthday was, or her current age and birthdate, so I can calculate how long ago it was?","{""prompt_tokens"": 6469, ""completion_tokens"": 156, ""total_tokens"": 6625}",28.44,1,[],
conv-26,When is Caroline going to the transgender conference?,July 2023,Caroline is planning to attend the transgender conference this month (March 2026).,"{""prompt_tokens"": 6811, ""completion_tokens"": 138, ""total_tokens"": 6949}",31.83,1,[],
conv-26,What do Melanie's kids like?,"dinosaurs, nature",I don't have information about what Melanie's kids like from the current memories.,"{""prompt_tokens"": 6788, ""completion_tokens"": 105, ""total_tokens"": 6893}",32.69,1,[],
conv-26,What did Caroline research?,Adoption agencies,"Based on the available information, there is no mention of what Caroline researched. The provided context      
focuses on her LGBTQ+ community involvement (pride parade attendance, plans for a transgender conference), motivation to 
pursue counseling to help others, and learning piano.","{""prompt_tokens"": 6686, ""completion_tokens"": 140, ""total_tokens"": 6826}",33.14,1,[],
conv-26,What is Caroline's relationship status?,Single,I don't have information about Caroline's relationship status in the available memories.,"{""prompt_tokens"": 6465, ""completion_tokens"": 143, ""total_tokens"": 6608}",33.19,1,[],
conv-26,What career path has Caroline decided to persue?,counseling or mental health for Transgender people,"Caroline has decided to pursue a career in counseling and mental health to help others, using her own story to 
support people (especially in the LGBTQ+ community).","{""prompt_tokens"": 6800, ""completion_tokens"": 102, ""total_tokens"": 6902}",33.21,1,[],
conv-26,When did Caroline give a speech at a school?,The week before 9 June 2023,"I don't have information about when Caroline gave a speech at a school. The available memories mention her     
attendance at a pride parade, plans for a transgender conference, and her interest in counseling, but no school speech.","{""prompt_tokens"": 6703, ""completion_tokens"": 217, ""total_tokens"": 6920}",33.23,1,[],
conv-26,When did Melanie paint a sunrise?,2022,"There is no information about Melanie painting a sunrise in the provided memories. The memories note Melanie   
enjoys pottery as a therapeutic/creative hobby.","{""prompt_tokens"": 6454, ""completion_tokens"": 105, ""total_tokens"": 6559}",35.16,1,[],
conv-26,Would Caroline still want to pursue counseling as a career if she hadn't received support growing up?,Likely no,"There isn't enough information in the available memories to definitively answer this counterfactual question.  


From what we know, Caroline's motivation to pursue counseling comes from her positive experiences (like attending the
pride parade, feeling a sense of belonging in the LGBTQ+ community, and wanting to use her story to help others).        
However, we don't have details about whether she received support growing up, or how that specific factor influenced her 
career aspirations. 

We can't know for sure how a different upbringing (without support) would have affected her      
goals—though her current drive is rooted in using her experiences to support others, which might still exist in some form
even with a different background, but this is speculative.","{""prompt_tokens"": 6805, ""completion_tokens"": 323, ""total_tokens"": 7128}",36.31,1,[],
conv-26,What activities does Melanie partake in?,"pottery, camping, painting, swimming","Melanie enjoys pottery as a therapeutic and creative hobby. She recently made a black and white flower-designed
bowl in her pottery class.","{""prompt_tokens"": 6788, ""completion_tokens"": 131, ""total_tokens"": 6919}",36.7,1,[],
conv-26,When is Melanie planning on going camping?,June 2023,"I don't have information about Melanie planning a camping trip. The memories only mention she signed up for a  
pottery class.","{""prompt_tokens"": 6832, ""completion_tokens"": 118, ""total_tokens"": 6950}",37.35,1,[],
conv-26,What fields would Caroline be likely to pursue in her educaton?,"Psychology, counseling certification","Based on her interests, Caroline would likely pursue fields like counseling, psychology, social work, or       
gender/sexuality studies—areas that align with her desire to help others through her story and LGBTQ+ community          
involvement.","{""prompt_tokens"": 6798, ""completion_tokens"": 133, ""total_tokens"": 6931}",43.49,1,[],
conv-26,When did Melanie sign up for a pottery class?,2 July 2023,"Melanie signed up for a pottery class yesterday (relative to when the memory was recorded; the pottery class   
event is associated with July 2023, per the memory file name).","{""prompt_tokens"": 6689, ""completion_tokens"": 1450, ""total_tokens"": 8139}",48.28,1,[],
conv-26,Where did Caroline move from 4 years ago?,Sweden,I don't have information about where Caroline moved from 4 years ago in the available memories.,"{""prompt_tokens"": 6463, ""completion_tokens"": 112, ""total_tokens"": 6575}",49.86,1,[],
conv-26,Where has Melanie camped?,"beach, mountains, forest","I don't have information about where Melanie has camped. The available memories only mention her pottery hobby 
and creative activities.","{""prompt_tokens"": 6797, ""completion_tokens"": 105, ""total_tokens"": 6902}",50.4,1,[],
conv-26,How long has Caroline had her current group of friends for?,4 years,"I don't have information about how long Caroline has had her current group of friends. The available memories  
don't mention this detail.","{""prompt_tokens"": 6481, ""completion_tokens"": 140, ""total_tokens"": 6621}",52.24,1,[],
conv-26,When did Melanie run a charity race?,The sunday before 25 May 2023,I don't have information about when Melanie ran a charity race in the available memories.,"{""prompt_tokens"": 15088, ""completion_tokens"": 187, ""total_tokens"": 15275}",52.4,2,"[""openviking_search""]",
conv-26,When did Melanie go to the museum?,5 July 2023,I don't have information about when Melanie went to the museum in the provided context.,"{""prompt_tokens"": 6477, ""completion_tokens"": 93, ""total_tokens"": 6570}",25.3,1,[],
conv-26,What is Caroline's identity?,Transgender woman,"Caroline is a member of the LGBTQ+ community, and she is transgender (as she is planning to attend a           
transgender conference).","{""prompt_tokens"": 6791, ""completion_tokens"": 349, ""total_tokens"": 7140}",56.91,1,[],
conv-26,When did Melanie go to the pottery workshop?,The Friday before 15 July 2023,"Based on the memory, Melanie signed up for a pottery class yesterday (relative to when the memory was recorded)
and made a black and white flower-designed bowl in her class. The memory is stored in a file dated 2023-07, indicating   
this happened in July 2023.","{""prompt_tokens"": 6797, ""completion_tokens"": 622, ""total_tokens"": 7419}",19.02,1,[],
conv-26,When did Caroline have a picnic?,The week before 6 July 2023,I don't have information about when Caroline had a picnic.,"{""prompt_tokens"": 6596, ""completion_tokens"": 90, ""total_tokens"": 6686}",26.21,1,[],
conv-26,What does Melanie do to destress?,"Running, pottery","Melanie does pottery to destress - she finds it therapeutic for creative expression and emotional release,     
which helps her feel calm.","{""prompt_tokens"": 6796, ""completion_tokens"": 110, ""total_tokens"": 6906}",22.9,1,[],
conv-26,Would Melanie be considered a member of the LGBTQ community?,"Likely no, she does not refer to herself as part of it","There is no information provided about Melanie in the given context, so I can't determine whether she would be 
considered a member of the LGBTQ+ community.","{""prompt_tokens"": 6814, ""completion_tokens"": 110, ""total_tokens"": 6924}",23.76,1,[],
conv-26,What books has Melanie read?,"""Nothing is Impossible"", ""Charlotte's Web""","I don't have information about what books Melanie has read from the current context. The available context only
mentions that Melanie enjoys pottery as a therapeutic and creative hobby.","{""prompt_tokens"": 6792, ""completion_tokens"": 126, ""total_tokens"": 6918}",27.4,1,[],
conv-26,When did Caroline go to the adoption meeting?,The friday before 15 July 2023,There is no information about Caroline attending an adoption meeting in the provided context.,"{""prompt_tokens"": 6701, ""completion_tokens"": 119, ""total_tokens"": 6820}",25.2,1,[],
conv-26,Would Caroline likely have Dr. Seuss books on her bookshelf?,"Yes, since she collects classic children's books","Based on the available information about Caroline, there's no specific mention of Dr. Seuss books or a         
connection to children's literature, so we can't definitively say she would have them on her bookshelf.","{""prompt_tokens"": 6808, ""completion_tokens"": 450, ""total_tokens"": 7258}",30.81,1,[],
conv-26,Would Caroline pursue writing as a career option?,"LIkely no; though she likes reading, she wants to be a counselor","Based on the available information, there is no indication that Caroline would pursue writing as a career. Her 
interests and plans are focused on LGBTQ+ community involvement, counseling/mental health to help others, and learning   
the piano.","{""prompt_tokens"": 6790, ""completion_tokens"": 227, ""total_tokens"": 7017}",30.55,1,[],
conv-26,When did Melanie go camping in June?,The week before 27 June 2023,There is no information about Melanie going camping in June in the available memories.,"{""prompt_tokens"": 6710, ""completion_tokens"": 310, ""total_tokens"": 7020}",26.78,1,[],
conv-26,When did Melanie go camping in July?,two weekends before 17 July 2023,I don't have information about Melanie going camping in July.,"{""prompt_tokens"": 6577, ""completion_tokens"": 82, ""total_tokens"": 6659}",21.83,1,[],
conv-26,When did Caroline go to the LGBTQ conference?,10 July 2023,"The provided memories don't mention Caroline having actually attended an LGBTQ conference yet—she planned to   
attend a transgender conference in July 2023, but there's no record of her having gone.","{""prompt_tokens"": 6463, ""completion_tokens"": 1249, ""total_tokens"": 7712}",40.27,1,[],
conv-26,What LGBTQ+ events has Caroline participated in?,"Pride parade, school speech, support group","Caroline has attended an LGBTQ+ pride parade last week. She is also planning to attend a transgender conference
this month but that is not yet participated.","{""prompt_tokens"": 6486, ""completion_tokens"": 112, ""total_tokens"": 6598}",26.0,1,[],
conv-26,What events has Caroline participated in to help children?,"Mentoring program, school speech","Based on the available information, there is no mention of Caroline participating in events specifically to    
help children. The memories focus on her LGBTQ+ community involvement, attendance at a pride parade, motivation to pursue
counseling, and learning the piano.","{""prompt_tokens"": 6482, ""completion_tokens"": 142, ""total_tokens"": 6624}",27.41,1,[],
conv-26,When did Caroline go to a pride parade during the summer?,The week before 3 July 2023,Caroline attended an LGBTQ+ pride parade in July 2023 (summer).,"{""prompt_tokens"": 6466, ""completion_tokens"": 258, ""total_tokens"": 6724}",29.58,1,[],
conv-26,When did Caroline join a mentorship program?,The weekend before 17 July 2023,I don't have information about when Caroline joined a mentorship program in the provided memories.,"{""prompt_tokens"": 6794, ""completion_tokens"": 105, ""total_tokens"": 6899}",28.11,1,[],
conv-26,What did Melanie paint recently?,sunset,"Melanie didn't paint recently—she enjoys pottery as her creative activity. She recently made a black and white 
flower-designed bowl in her pottery class.","{""prompt_tokens"": 6556, ""completion_tokens"": 227, ""total_tokens"": 6783}",28.71,1,[],
conv-26,In what ways is Caroline participating in the LGBTQ community?,"Joining activist group, going to pride parades, participating in an art show, mentoring program","Caroline is participating in the LGBTQ+ community by:
1. Attending a pride parade last week
2. Planning to   
attend a transgender conference this month
3. Being motivated to pursue counseling/mental health to help others in the  
community using her story","{""prompt_tokens"": 6572, ""completion_tokens"": 117, ""total_tokens"": 6689}",25.81,1,[],
conv-26,When did Caroline join a new activist group?,The Tuesday before 20 July 2023,There is no information in the current context about when Caroline joined a new activist group.,"{""prompt_tokens"": 6794, ""completion_tokens"": 112, ""total_tokens"": 6906}",26.86,1,[],
conv-26,How many times has Melanie gone to the beach in 2023?,2,I don't have information about how many times Melanie went to the beach in 2023.,"{""prompt_tokens"": 6812, ""completion_tokens"": 109, ""total_tokens"": 6921}",28.53,1,[],
conv-26,Would Melanie be more interested in going to a national park or a theme park?,National park; she likes the outdoors,"We don't have specific information about Melanie's park preferences, but given her interest in pottery as a    
therapeutic, creative hobby for emotional expression, a national park (with its calm, nature-focused environment) might  
align more with her preferences than a theme park.","{""prompt_tokens"": 6801, ""completion_tokens"": 373, ""total_tokens"": 7174}",29.05,1,[],
conv-26,What kind of art does Caroline make?,abstract art,Caroline is learning the piano as a creative activity.,"{""prompt_tokens"": 6800, ""completion_tokens"": 56, ""total_tokens"": 6856}",25.76,1,[],
conv-26,When did Caroline attend a pride parade in August?,The Friday before 14 August 2023,"There is no memory of Caroline attending a pride parade in August. The only pride parade mentioned was in July 
2023.","{""prompt_tokens"": 6494, ""completion_tokens"": 89, ""total_tokens"": 6583}",28.43,1,[],
conv-26,What types of pottery have Melanie and her kids made?,"bowls, cup","From the available information, Melanie made a black and white flower-designed bowl in her pottery class. There
is no information provided about what types of pottery her kids have made.","{""prompt_tokens"": 6802, ""completion_tokens"": 143, ""total_tokens"": 6945}",26.04,1,[],
conv-26,Would Melanie be considered an ally to the transgender community?,"Yes, she is supportive","I don't have any information about Melanie in the available context, so I can't determine whether she would be 
considered an ally to the transgender community.","{""prompt_tokens"": 6813, ""completion_tokens"": 114, ""total_tokens"": 6927}",27.31,1,[],
conv-26,What would Caroline's political leaning likely be?,Liberal,"Based on Caroline's active LGBTQ+ community involvement, advocacy interest, and desire to support marginalized 
groups through counseling, she would likely lean progressive/left-leaning politically, with strong support for LGBTQ+    
rights, social justice, and equity-focused policies.","{""prompt_tokens"": 6793, ""completion_tokens"": 109, ""total_tokens"": 6902}",27.98,1,[],
conv-26,When did Caroline and Melanie go to a pride fesetival together?,2022,"There is no information in the provided memory indicating that Caroline and Melanie went to a pride festival   
together.","{""prompt_tokens"": 6577, ""completion_tokens"": 151, ""total_tokens"": 6728}",29.44,1,[],
conv-26,What are Melanie's pets' names?,"Oliver, Luna, Bailey",I don't have information about Melanie's pets' names in the provided context.,"{""prompt_tokens"": 6578, ""completion_tokens"": 117, ""total_tokens"": 6695}",24.57,1,[],
conv-26,What has Melanie painted?,"Horse, sunset, sunrise","Based on the provided memories, there's no mention of Melanie painting anything. Melanie enjoys pottery (she   
made a black and white flower-designed bowl in her pottery class) as her creative activity.","{""prompt_tokens"": 6779, ""completion_tokens"": 122, ""total_tokens"": 6901}",28.15,1,[],
conv-26,When did Caroline apply to adoption agencies?,The week of 23 August 2023,"I don't have information about when Caroline applied to adoption agencies. The available memories don't mention
this detail.","{""prompt_tokens"": 6687, ""completion_tokens"": 116, ""total_tokens"": 6803}",27.35,1,[],
conv-26,When did Caroline encounter people on a hike and have a negative experience?,The week before 25 August 2023,"I don't have information about Caroline encountering people on a hike or having a negative experience related  
to that. The available memories mention her attending a pride parade, her interest in LGBTQ+ community involvement, and  
her motivation to pursue counseling, but no hiking-related experiences.","{""prompt_tokens"": 6827, ""completion_tokens"": 154, ""total_tokens"": 6981}",22.14,1,[],
conv-26,What subject have Caroline and Melanie both painted?,Sunsets,There is no information provided about both Caroline and Melanie having painted the same subject.,"{""prompt_tokens"": 6665, ""completion_tokens"": 203, ""total_tokens"": 6868}",29.25,1,[],
conv-26,When did Melanie make a plate in pottery class?,24 August 2023,"Based on the available memories, there is no mention of Melanie making a plate in pottery class. However, she  
did make a black and white flower-designed bowl in her pottery class (she signed up for the class yesterday, as noted in 
the memory).","{""prompt_tokens"": 6784, ""completion_tokens"": 208, ""total_tokens"": 6992}",29.34,1,[],
conv-26,Would Caroline be considered religious?,"Somewhat, but not extremely religious","Based on the available memories about Caroline, there is no information suggesting she would be considered     
religious. The context provided focuses on her LGBTQ+ community involvement, desire to pursue counseling, learning piano,
and experience at a pride parade—with no mentions of religious beliefs or practices.","{""prompt_tokens"": 6803, ""completion_tokens"": 220, ""total_tokens"": 7023}",29.8,1,[],
conv-26,What instruments does Melanie play?,clarinet and violin,"Based on the available memories, there is no information about Melanie playing any musical instruments. Melanie
enjoys pottery as her creative and therapeutic hobby.","{""prompt_tokens"": 6466, ""completion_tokens"": 176, ""total_tokens"": 6642}",28.83,1,[],
conv-26,When did Melanie go to the park?,27 August 2023,"I don't have information about when Melanie went to the park. The available memories focus on her pottery hobby
and other topics, but don't mention a park visit.","{""prompt_tokens"": 6474, ""completion_tokens"": 108, ""total_tokens"": 6582}",29.92,1,[],
conv-26,When is Caroline's youth center putting on a talent show?,September 2023,"I don't have information about when Caroline's youth center is putting on a talent show. The available memories
don't mention this event.","{""prompt_tokens"": 6572, ""completion_tokens"": 127, ""total_tokens"": 6699}",32.02,1,[],
conv-26,What musical artists/bands has Melanie seen?,"Summer Sounds, Matt Patterson",There's no information about Melanie in the available memories.,"{""prompt_tokens"": 6535, ""completion_tokens"": 104, ""total_tokens"": 6639}",33.78,1,[],
conv-26,"When did Melanie read the book ""nothing is impossible""?",2022,I don't have information about when Melanie read the book 'nothing is impossible'.,"{""prompt_tokens"": 38148, ""completion_tokens"": 334, ""total_tokens"": 38482}",99.33,4,"[""openviking_search"", ""openviking_search"", ""openviking_grep""]",
conv-26,What are some changes Caroline has faced during her transition journey?,"Changes to her body, losing unsupportive friends","Based on the available information, we don't have specific details about the changes Caroline has faced during 
her transition journey. The shared memories focus more on her community involvement (pride parade, planned transgender   
conference), her goal to pursue counseling to help others, and her creative activities (learning piano). 

If Caroline 
is comfortable sharing more about her transition journey, we'd be glad to listen and support her.","{""prompt_tokens"": 6686, ""completion_tokens"": 268, ""total_tokens"": 6954}",28.47,1,[],
conv-26,When did Caroline go biking with friends?,The weekend before 13 September 2023,I don't have information about when Caroline went biking with friends in the available memories.,"{""prompt_tokens"": 6465, ""completion_tokens"": 74, ""total_tokens"": 6539}",28.8,1,[],
conv-26,"Would Melanie likely enjoy the song ""The Four Seasons"" by Vivaldi?",Yes; it's classical music,"Yes, Melanie would likely enjoy The Four Seasons by Vivaldi. The piece is highly creative, evocative, and      
emotionally expressive—all traits that align with her love of pottery as a therapeutic creative outlet for emotional     
expression.","{""prompt_tokens"": 6794, ""completion_tokens"": 215, ""total_tokens"": 7009}",30.12,1,[],
conv-26,When is Melanie's daughter's birthday?,13 August,"I don't have any information about Melanie having a daughter, or her daughter's birthday, in our memory        
database. The only information we have about Melanie is that she enjoys pottery as a creative and therapeutic hobby.","{""prompt_tokens"": 23855, ""completion_tokens"": 557, ""total_tokens"": 24412}",81.0,3,"[""openviking_search"", ""openviking_multi_read""]",
conv-26,What personality traits might Melanie say Caroline has?,"Thoughtful, authentic, driven","Based on what we know about Caroline:

Melanie might describe Caroline as compassionate (wanting to help     
others through counseling), brave (open about her LGBTQ+ identity and attending pride events), motivated (pursuing       
counseling training and planning to attend a transgender conference), creative (learning piano), and community-oriented  
(actively involved in LGBTQ+ community activities).","{""prompt_tokens"": 6786, ""completion_tokens"": 271, ""total_tokens"": 7057}",31.78,1,[],
conv-26,When did Caroline draw a self-portrait?,The week before 23 August 2023,I don't have any information about Caroline drawing a self-portrait in the available memories.,"{""prompt_tokens"": 15154, ""completion_tokens"": 306, ""total_tokens"": 15460}",64.71,2,"[""openviking_search""]",
conv-26,What activities has Melanie done with her family?,"Pottery, painting, camping, museum, swimming, hiking","I don't have information about activities Melanie has done with her family. The available memories only mention
that Melanie enjoys pottery (she recently made a black and white flower-designed bowl in her pottery class) and finds it 
therapeutic for creative expression and emotional release.","{""prompt_tokens"": 35403, ""completion_tokens"": 554, ""total_tokens"": 35957}",96.7,4,"[""openviking_search"", ""openviking_multi_read"", ""openviking_search""]",
conv-26,When did Melanie get hurt?,September 2023,I don't have information about when Melanie got hurt in the provided context.,"{""prompt_tokens"": 6805, ""completion_tokens"": 87, ""total_tokens"": 6892}",24.12,1,[],
conv-26,What transgender-specific events has Caroline attended?,"Poetry reading, conference","Based on the available information, Caroline has not yet attended any transgender-specific events, but she is  
planning to attend a transgender conference this month.","{""prompt_tokens"": 6488, ""completion_tokens"": 337, ""total_tokens"": 6825}",33.78,1,[],
conv-26,How long has Melanie been practicing art?,Since 2016,"Based on the memories, Melanie signed up for a pottery class (her art practice) in July 2023. As of March 2026,
she has been practicing art (pottery) for about 2 years and 8 months.","{""prompt_tokens"": 6555, ""completion_tokens"": 1445, ""total_tokens"": 8000}",41.37,1,[],
conv-26,How many children does Melanie have?,3,I don't have information about how many children Melanie has from the available memories.,"{""prompt_tokens"": 6575, ""completion_tokens"": 93, ""total_tokens"": 6668}",26.22,1,[],
conv-26,Would Melanie go on another roadtrip soon?,Likely no; since this one went badly,I don't have information about Melanie or her travel plans to answer that question.,"{""prompt_tokens"": 6842, ""completion_tokens"": 218, ""total_tokens"": 7060}",25.8,1,[],
conv-26,When did Caroline pass the adoption interview?,The Friday before 22 October 2023,I don't have information about when Caroline passed the adoption interview.,"{""prompt_tokens"": 6483, ""completion_tokens"": 81, ""total_tokens"": 6564}",21.46,1,[],
conv-26,When did Melanie buy the figurines?,21 October 2023,"I don't have information about when Melanie bought the figurines. The available memories focus on her pottery  
hobby, Caroline's piano learning, and Audrey's jewelry-making and pets, but don't mention figurines.","{""prompt_tokens"": 6810, ""completion_tokens"": 124, ""total_tokens"": 6934}",24.82,1,[],
conv-26,"When did Caroline meet up with her friends, family, and mentors?",The week before 9 June 2023,"Based on the available information:

- Caroline attended an LGBTQ conference 2 days before 12 July 2023      
(i.e., 10 July 2023), where she met and connected with people who had gone through similar journeys.
- While Caroline   
has a strong support network of friends and family, there is no specific date mentioned in the available memories for    
when she met up with them.
- There is no mention of mentors in the available information.","{""prompt_tokens"": 72377, ""completion_tokens"": 1287, ""total_tokens"": 73664}",170.31,6,"[""openviking_search"", ""openviking_grep"", ""openviking_multi_read"", ""openviking_list"", ""openviking_multi_read""]",
conv-26,Who supports Caroline when she has a negative experience?,"Her mentors, family, and friends","I don't have information about who specifically supports Caroline when she has a negative experience. The      
available memories mention her involvement in the LGBTQ+ community (attending a pride parade, planning to go to a        
transgender conference) and her creative activities (learning piano), but don't specify her personal support system for  
difficult times.","{""prompt_tokens"": 36535, ""completion_tokens"": 502, ""total_tokens"": 37037}",104.9,4,"[""openviking_search"", ""openviking_multi_read"", ""openviking_search""]",
conv-26,What are Caroline's plans for the summer?,researching adoption agencies,"Based on the available memories, Caroline planned to attend a transgender conference in July 2023 (summer). She
was excited to meet other community members and learn more about advocacy.","{""prompt_tokens"": 6575, ""completion_tokens"": 372, ""total_tokens"": 6947}",19.18,1,[],
conv-26,Would Caroline want to move back to her home country soon?,No; she's in the process of adopting children.,"There's no information in the provided memories about Caroline's home country or whether she would want to move
back soon. We don't have enough details to answer this question.","{""prompt_tokens"": 6794, ""completion_tokens"": 145, ""total_tokens"": 6939}",25.13,1,[],
conv-26,How does Melanie prioritize self-care?,"by carving out some me-time each day for activities like running, reading, or playing the violin","Melanie prioritizes self-care through pottery, which she finds therapeutic for creative expression and         
emotional release.","{""prompt_tokens"": 6789, ""completion_tokens"": 97, ""total_tokens"": 6886}",24.52,1,[],
conv-26,What book did Melanie read from Caroline's suggestion?,"""Becoming Nicole""","I don't have information about Melanie reading a book from Caroline's suggestion in the available memories. The
search results don't mention this specific interaction.","{""prompt_tokens"": 15824, ""completion_tokens"": 341, ""total_tokens"": 16165}",55.99,2,"[""openviking_search""]",
conv-26,What did Melanie realize after the charity race?,self-care is important,There is no information about Melanie realizing anything after a charity race in the available context.,"{""prompt_tokens"": 6572, ""completion_tokens"": 112, ""total_tokens"": 6684}",28.12,1,[],
conv-26,What does Melanie do with her family on hikes?,"Roast marshmallows, tell stories","I don't have information about what Melanie does with her family on hikes. The available memories only mention 
that Melanie enjoys pottery as a therapeutic and creative hobby.","{""prompt_tokens"": 23637, ""completion_tokens"": 353, ""total_tokens"": 23990}",74.16,3,"[""openviking_search"", ""openviking_multi_read""]",
conv-26,What is Caroline excited about in the adoption process?,creating a family for kids who need one,"There is no information about Caroline being excited about anything in the adoption process in the available   
memories. The provided memories focus on her plans to attend a transgender conference, LGBTQ+ community involvement,     
learning piano, and interest in counseling/mental health.","{""prompt_tokens"": 6571, ""completion_tokens"": 162, ""total_tokens"": 6733}",20.22,1,[],
conv-26,Why did Caroline choose the adoption agency?,because of their inclusivity and support for LGBTQ+ individuals,"There is no information about why Caroline chose an adoption agency in the current context. The available      
memories focus on her LGBTQ+ community involvement, pride parade attendance, interest in counseling, piano learning, and 
Audrey's pets.","{""prompt_tokens"": 6805, ""completion_tokens"": 137, ""total_tokens"": 6942}",26.46,1,[],
conv-26,When did Melanie's friend adopt a child?,2022,"I don't have information about when Melanie's friend adopted a child. The available memories only mention      
Melanie's pottery hobby.","{""prompt_tokens"": 24394, ""completion_tokens"": 375, ""total_tokens"": 24769}",61.63,3,"[""openviking_search"", ""openviking_multi_read""]",
conv-26,What country is Caroline's grandma from?,Sweden,I don't have information about what country Caroline's grandma is from in the available memories.,"{""prompt_tokens"": 6464, ""completion_tokens"": 109, ""total_tokens"": 6573}",21.22,1,[],
conv-26,What symbols are important to Caroline?,"Rainbow flag, transgender symbol","Based on the available memories, while no specific symbols are explicitly named as important to Caroline, we   
can infer meaningful symbols from her experiences and interests:

- LGBTQ+ pride symbols (like the rainbow flag and    
transgender flag): Given her identity as an LGBTQ+ community member, recent pride parade attendance, and planned         
attendance at a transgender conference.
- Piano: As a creative activity she's learning.","{""prompt_tokens"": 44957, ""completion_tokens"": 858, ""total_tokens"": 45815}",106.42,5,"[""openviking_search"", ""openviking_multi_read"", ""openviking_multi_read"", ""openviking_grep""]",
conv-26,What does Melanie think about Caroline's decision to adopt?,she thinks Caroline is doing something amazing and will be an awesome mom,"There is no information available about Melanie's thoughts on Caroline's decision to adopt in the provided     
context.","{""prompt_tokens"": 6788, ""completion_tokens"": 104, ""total_tokens"": 6892}",27.76,1,[],
conv-26,What workshop did Caroline attend recently?,LGBTQ+ counseling workshop,"Based on the available information, Caroline recently attended an LGBTQ+ pride parade (last week), but there is
no mention of her attending a workshop.","{""prompt_tokens"": 6792, ""completion_tokens"": 261, ""total_tokens"": 7053}",23.6,1,[],
conv-26,What kind of counseling and mental health services is Caroline interested in pursuing?,"working with trans people, helping them accept themselves and supporting their mental health","Caroline is interested in pursuing counseling and mental health services to help others in the LGBTQ+          
community. Given her plan to attend a transgender conference and her own experiences in the community, she likely wants  
to focus on supporting LGBTQ+ individuals, possibly with a specific emphasis on transgender people.","{""prompt_tokens"": 6807, ""completion_tokens"": 274, ""total_tokens"": 7081}",30.24,1,[],
conv-26,What motivated Caroline to pursue counseling?,"her own journey and the support she received, and how counseling improved her life","Attending an LGBTQ+ pride parade, where she felt a sense of belonging and was impressed by the community's     
growth, motivated Caroline to use her story to help others through counseling and mental health work.","{""prompt_tokens"": 6798, ""completion_tokens"": 133, ""total_tokens"": 6931}",27.74,1,[],
conv-26,What type of individuals does the adoption agency Caroline is considering support?,LGBTQ+ individuals,"I don't have information about an adoption agency Caroline is considering or the type of individuals it        
supports. The available memories mention Caroline's LGBTQ+ community involvement, piano learning, and plans to attend a  
transgender conference, but no adoption agency details.","{""prompt_tokens"": 26767, ""completion_tokens"": 333, ""total_tokens"": 27100}",61.99,3,"[""openviking_search"", ""openviking_search""]",
conv-26,Did Melanie make the black and white bowl in the photo?,Yes,"Yes, according to the memories, Melanie made a black and white flower-designed bowl in her pottery class.","{""prompt_tokens"": 6804, ""completion_tokens"": 150, ""total_tokens"": 6954}",29.4,1,[],
conv-26,What items has Melanie bought?,"Figurines, shoes","I don't have information about items Melanie has bought. The available memories only mention that Melanie      
enjoys pottery, signed up for a pottery class, and made a black and white flower-designed bowl in class.","{""prompt_tokens"": 25273, ""completion_tokens"": 434, ""total_tokens"": 25707}",83.89,3,"[""openviking_search"", ""openviking_multi_read""]",
conv-26,What kind of place does Caroline want to create for people?,a safe and inviting place for people to grow,"Caroline wants to create a safe, supportive place (likely focused on counseling and mental health) where she   
can use her own story to help others, especially within the LGBTQ+ community—fostering the sense of belonging she        
experienced at the pride parade.","{""prompt_tokens"": 6802, ""completion_tokens"": 714, ""total_tokens"": 7516}",39.41,1,[],
conv-26,What was grandma's gift to Caroline?,necklace,I don't have information about grandma's gift to Caroline in the current memory database.,"{""prompt_tokens"": 15500, ""completion_tokens"": 183, ""total_tokens"": 15683}",53.65,2,"[""openviking_search""]",
conv-26,What kind of pot did Mel and her kids make with clay?,a cup with a dog face on it,"There is no information in the available memories about Mel (Melanie) making a pot with her kids. The memories 
only mention that Melanie herself made a black and white flower-designed bowl in her pottery class.","{""prompt_tokens"": 6693, ""completion_tokens"": 192, ""total_tokens"": 6885}",24.08,1,[],
